{"cameraMode":{"drawMode":0,"name":"Shaded","section":"Shading Mode"},"sceneLighting":true,"audioPlay":false,"sceneViewState":{"m_AlwaysRefresh":false,"showFog":true,"showSkybox":true,"showFlares":true,"showImageEffects":true,"showParticleSystems":true,"showVisualEffectGraphs":true,"m_FxEnabled":true},"in2DMode":false,"pivot":{"x":-0.4690000116825104,"y":-0.05000000447034836,"z":5.765000343322754},"rotation":{"x":0.053713228553533557,"y":-0.6953319907188416,"z":0.052241627126932147,"w":0.7147901058197022},"size":2.0273637771606447,"orthographic":true}